state,program,website
AL,U. Alabama,https://www.uab.edu/medicine/anesthesiology/
AZ,U. Arizona,http://anesth.medicine.arizona.edu
AZ,Mayo Clinic AZ,http://www.mayo.edu/msgme/residencies-fellowships/anesthesiology
AR,U. Arkansas,http://anesthesiology.uams.edu
CA,Harbor/UCLA,http://www.anesharborucla.org
CA,Naval Medical Center San Diego,http://www.med.navy.mil/sites/nmcsd/staff/pages/anesthesiologyresidencyprogramarp.aspx
CA,UC Davis,http://www.ucdmc.ucdavis.edu/anesthesiology
CA,UC Irvine,http://www.anesthesiology.uci.edu/
CA,Loma Linda,http://www.lluanesthesia.com/
CA,USC,http://keck.usc.edu/anesthesia
CA,Cedars-Sinai,http://cedars-sinai.edu/Education/Graduate-Medical-Education/Residency-Programs/Anesthesiology/index.aspx
CA,UCLA,http://www.anes.ucla.edu/
CA,UCSD,http://anesthesia.ucsd.edu/Pages/default.aspx
CA,UCSF,http://anesthesia.ucsf.edu/extranet/home/default.php
CA,Stanford,http://med.stanford.edu/anesthesia/
CO,U. Colorado,http://www.ucdenver.edu/academics/colleges/medicalschool/departments/Anesthesiology/Pages/Anesthesiology.aspx
CT,Yale,http://medicine.yale.edu/anesthesiology/
CT,U. Connecticut,http://gme.uchc.edu/programs/anesthesiology/
DC,Georgetown,http://anesthesiology.georgetown.edu/
DC,George Washington,http://smhs.gwu.edu/anesthesiology/
DC,National Capital Consortium,http://www.usuhs.edu/gme/
FL,Mount Sinai,http://www.msmc.com/education/anesthesiology
FL,U. Florida Jacksonville,http://hscj.ufl.edu/anesthesiology/residency/
FL,Mayo Clinic Jacksonville,http://www.mayo.edu/msgme/residencies-fellowships/anesthesiology/anesthesiology-residency-florida
FL,U. Florida,http://www.anest.ufl.edu/
FL,Jackson Memorial (Miami),http://anesthesiology.med.miami.edu/
GA,Medical College of GA,http://www.gru.edu/mcg/anes/
GA,Emory,http://www.anesthesiology.emory.edu/
IL,U. Illinois,http://chicago.medicine.uic.edu/departments___programs/departments/anesthesiology/
IL,U. Chicago,http://anesthesia.uchicago.edu/
IL,Loyola,http://www.stritch.luc.edu/anesthesiology/
IL,Cook County,http://www.cookcountyhhs.org/medical-clinicalservices/anesthesiology/education-research/
IL,Advocate Illinois Masonic,http://www.advocatehealth.com/immc-anesthesiology-residency
IL,Northwestern,http://www.feinberg.northwestern.edu/sites/anesthesiology/
IL,Rush,http://www.rushanesthesia.com/
IN,Indiana U.,http://www.anesthesia.iu.edu/
IO,U. Iowa,http://www.anesth.uiowa.edu/
KA,U. Kansas,http://www.kumc.edu/anes
KA,U. Kansas (Wichita),http://wichita.kumc.edu/anesthesiology.html
KY,U. Kentucky,http://www.wildcatanesthesia.com/
KY,U. Louisville,http://louisville.edu/medschool/anesthesiology/
LA,LSU Shreveport,http://myhsc.lsuhscshreveport.edu/Anesthesiology/AnesthesiologyHome.aspx
LA,Ochsner Clinic,https://academics.ochsner.org/gmepro.aspx?id=7844
LA,Tulane,http://www.tulaneanesthesiology.com/web/
LA,LSU,http://www.medschool.lsuhsc.edu/anesthesiology/residency.aspx
ME,Maine Medical,http://www.mmc.org/mmc_anesres.cfm?id=1262
MD,U. Maryland,http://medschool.umaryland.edu/anesthesiology/
MD,Johns Hopkins,http://www.hopkinsmedicine.org/anesthesiology
MA,Beth Israel Deaconess,http://www.bidmc.org/Centers-and-Departments/Departments/Anesthesia-Critical-Care-and-Pain-Medicine.aspx
MA,Babystate Medical,http://www.baystatehealth.com/anesresidency
MA,Boston U.,http://www.bmc.org/anesthesia/
MA,Tufts,https://www.tuftsmedicalcenter.org/patient-care-services/Departments-and-Services/Anesthesiology/Overview.aspx
MA,Brigham & Women's,http://www.brighamandwomens.org/Departments_and_Services/anesthesiology
MA,St. Elizabeth's,https://www.semc.org/about-us/residencies-fellowships/anesthesiology-residency
MA,MGH,http://www.massgeneral.org/anesthesia/
MA,U. Mass,http://www.umassmed.edu/anes
MI,Wayne State,http://anesthesiology.med.wayne.edu/
MI,William Beaumont,http://www.beaumont.edu/medical-education/residencies/anesthesiology-residency/
MI,U. Michigan,http://www.med.umich.edu/anes/
MI,Henry Ford,http://www.henryford.com/body_program.cfm?id=37257
MI,Detroit Medical,http://www.dmc.org/anesthesiologyresidency
MN,Mayo Clinic,http://www.mayo.edu/msgme/residencies-fellowships/anesthesiology/anesthesiology-residency-minnesota
MN,U. Minnesota,http://www.med.umn.edu/anesthesiology/
MI,U. Mississippi,http://anesthesiology.umc.edu/
MO,U. Missouri Columbia,http://medicine.missouri.edu/anest/residency-program.html
MO,Washington University,http://www.anest.wustl.edu/
MO,U. Missouri Kansas City,http://med.umkc.edu/anesthesiology/
MO,St. Louis Univeristy,http://anesthesia.slu.edu/
NE,U. Nebraska,http://www.unmc.edu/anesthesia
NH,Dartmouth,http://gme.dartmouth-hitchcock.org/anesthesiology
NJ,Cooper Medical,http://www.cooperhealth.org/content/GME_Anesthesiology.htm
NJ,St. Barnabus,http://www.barnabashealth.org/Medical-Education/Saint-Barnabas-Medical-Center/Anesthesiology.aspx
NJ,Rutgers New Jersey Medical School,http://njms.rutgers.edu/departments/anesthesiology/index.cfm
NJ,St. Joseph's,http://www.stjosephsanesthesia.com/
NJ,Rutgers Robert Wood Johnson,http://rwjms.rutgers.edu/departments_institutes/anesthesiology/residency/index.html
NM,U. New Mexico,http://anesthesiology.unm.edu/
NY,Long Island Jewish,https://www.northshorelij.com/research-and-education/graduate-medical-education/residency-anesthesiology-north-shore-lij-health-system
NY,Maimonides,http://edu.maimonidesmed.org/MedicalEducation/AnesthesiologyResidency.aspx
NY,New York Methodist,http://www.nym.org/For-Health-Professionals/Medical-Residency-Programs/Anesthesiology-Residency-Program.aspx
NY,Columbia,http://www.cumc.columbia.edu/dept/anesthesiology/
NY,St. Luke's Roosevelt,http://www.slranesthesiology.com/
NY,U. Rochester,https://www.urmc.rochester.edu/anesthesiology.aspx
NY,U. Buffalo,http://www.smbs.buffalo.edu/anest/index.php
NY,Cornell,http://www.cornellanesthesia.org/
NY,Mount Sinai,http://www.mssm.edu/departments-and-institutes/anesthesiology
NY,New York Medical College,https://www.nymc.edu/departments/academic-departments/school-of-medicine/anesthesiology/residency-programs/
NY,NYU,http://www.med.nyu.edu/anes
NY,SUNY Brooklyn,http://www.downstate.edu/anesthesiology/
NY,SUNY Upstate,http://www.upstate.edu/anesthesiology/
NY,SUNY Stony Brook,http://anesthesia.stonybrook.edu
NY,Albany Medical,http://www.amc.edu/PATIENT/services/anesthesiology/index.cfm
NY,Montefiore / Albert Einstein,http://www.montefiore.org/anesthesiology
NC,U. North Carolina,http://www.med.unc.edu/anesthesiology
NC,Wake Forest,http://www.wakehealth.edu/School/Anesthesiology/Residency.htm
NC,Duke,http://anesthesiology.duke.edu/?page_id=818691
OH,Ohio State,http://anesthesiology.osu.edu/
OH,U. Cincinnati,http://www.anesth.uc.edu/
OH,Case Western,http://www.uhhospitals.org/case/services/anesthesiology-and-perioperative-medicine/medical-education/anesthesiology-residency
OH,U. Toledo,http://www.utoledo.edu/med/depts/anesthesiology/residency/edu.html
OH,Case Western (MetroHealth),http://gme.metrohealth.org/programs/anesthesiology
OH,Cleveland Clinic,http://my.clevelandclinic.org/services/anesthesiology
OK,U. Oklahoma,http://www.oumedicine.com/anesthesiology
OR,Oregon Health & Science,http://www.ohsu.edu/anesth
PA,Geisinger Health,http://www.geisinger.edu/residencies/anesthesia/
PA,Penn State,http://www.pennstatehershey.org/anesthesia
PA,Drexel,http://www.drexelmed.edu/Home/ResidenciesandFellowships/ResidencyPrograms/Anesthesiology.aspx
PA,Thomas Jefferson,http://www.jefferson.edu/university/jmc/departments/anesthesiology.html
PA,UPMC,http://www.anes.upmc.edu/
PA,Temple University,https://medicine.temple.edu/departments-centers/clinical-departments/department-anesthesiology/residency-program
PA,Allegheny General Hospital - Western Pennsylvania,https://www.ahn.org/education/graduate-medical-education/residencies/anesthesiology-residency
PR,U. Puerto Rico,http://md.rcm.upr.edu/anesthesiology/
SC,Medical U. South Carolina,http://www.musc.edu/anesthesia
TN,U. Tennessee,http://gsm.utmck.edu/anesthesiology/main.htm
TN,Vanderbilt,http://www.mc.vanderbilt.edu/root/vumc.php?site=1anesthesiology
TX,UT Medical Branch,http://www.anesthesia.utmb.edu/
TX,Texas Tech,http://www.ttuhsc.edu/som/anesthesiology/
TX,San Antonio Uniformed Services ,http://www.gprmc.amedd.army.mil/
TX,UT Southwestern,http://www.utswanesthesia.org/
TX,UT San Antonio,http://www.bamc.amedd.army.mil/saushec/gme/residency/anesthesiology/
TX,Texas A&M,http://gme-anesthesia.sw.org/
TX,Baylor,http://www.bcm.edu/anesthesiology/
TX,UT Houston,http://www.uth.tmc.edu/anes/
UT,U. Utah,http://medicine.utah.edu/anesthesiology/
VT,U. Vermont,http://gme.fletcherallen.org/programs/anesthesiology/programs_offered/anesthesiology_residency/
VA,U. Virginia,https://med.virginia.edu/anesthesiology/
VA,Virginia Commonwealth University,http://www.anesthesiology.vcu.edu/
VA,Naval Medical Center Portsmouth,http://www.med.navy.mil/sites/NMCP2/Pages/Default.aspx
VA,Virginia Mason,https://www.virginiamason.org/AnesthesiologyResidency
WA,U. Washington,http://depts.washington.edu/anesth/
WV,West Virginia University,http://medicine.hsc.wvu.edu/anesth/
WI,U. Wisconsin,http://www.anesthesia.wisc.edu/
WI,Medical College of Wisconsin,http://www.mcw.edu/anesthesiology